index,folder,time,test_type,manual,device_class,old_A,old_B,old_C,old_B_full1,old_B_full2,new_A,new_B,new_C,new_B_full1,new_B_full2,new_verdict,weakest_check,tap_x,tap_y,hand_f1,hand_f2,hand_area_f2,digits_f2,min_hash_dist
01,20261008_114801_86376a4a-e6b0-4f3c-a5c4-0f009bd2db73,20261008_114801,,False,chrome,0.029052734375,0.59375,1.0,0.77734375,0.98046875,0.0022209922317415476,0.40216919779777527,1.0,0.40760186314582825,0.959704577922821,reject,has_object,0.48119740759248875,0.5687778112843626,False,True,0.1739453125,5,
02,20261008_114829_0b32c695-63f2-4a0b-b4e0-bfd8b9444de5,20261008_114829,,False,chrome,0.000804901123046875,0.796875,1.0,0.46875,0.8515625,4.500448631006293e-05,0.6798785924911499,1.0,0.20692753791809082,0.8080154657363892,reject,has_object,0.42495462561540664,0.5674170988171751,False,True,0.181220703125,5,14
03,20261008_122712_ca8d17c0-63d8-4a22-8f5c-9ddc09ad9d00,20261008_122712,,True,chrome,0.01663876324892044,0.0017508567543700337,1.0,0.0007188281160779297,0.0034638249780982733,0.00822455994784832,0.0012696764897555113,1.0,0.002083343453705311,0.007124254945665598,reject,bin_present,0.58984375,0.5095486111111112,True,True,0.1905859375,5,32
04,20261008_123151_4bf318d7-2c59-4721-96d6-649a56656333,20261008_123151,,False,chrome,0.0009904684266075492,0.9943962097167969,1.0,0.991845428943634,0.9220268726348877,7.103324605850503e-05,0.9881755113601685,1.0,0.9357999563217163,0.909916341304779,reject,has_object,0.5501401725966539,0.5728599486859249,False,True,0.124892578125,5,16
05,20261008_123545_d6b70e71-27e7-40de-9ca4-3213e1537cb5,20261008_123545,,False,chrome,0.963601291179657,0.12350636720657349,1.0,0.9105074405670166,0.7185245752334595,0.9589664340019226,0.034195732325315475,1.0,0.9288933277130127,0.5720818042755127,reject,bin_present,0.4666831412758224,0.5810242234890498,True,True,0.151142578125,5,22
06,20261008_123635_f3347929-e6b3-4f46-afd0-4116eee1b538,20261008_123635,,False,chrome,0.9925589561462402,0.9882599115371704,1.0,0.9702852368354797,0.8917329907417297,0.9912309646606445,0.9788114428520203,1.0,0.9609378576278687,0.873079240322113,approve,,0.36326899376957467,0.5864670733577997,True,True,0.14611002604166667,5,18
07,20261008_132235_1399dbea-eeab-4bce-97cb-8541fe28032c,20261008_132235,,False,chrome,0.9471466541290283,0.9612128138542175,1.0,0.6586238145828247,0.6404834985733032,0.9674736261367798,0.8376085758209229,1.0,0.5477055311203003,0.6371150016784668,approve,,0.4430974585112396,0.642256284512486,True,True,0.165185546875,5,26
08,20261008_140713_3200f3e0-9c4c-4279-b776-c2d1f5662ade,20261008_140713,,False,chrome,0.9802979826927185,0.9993995428085327,1.0,0.8428292870521545,0.33513152599334717,0.9778860807418823,0.9976576566696167,1.0,0.7142910957336426,0.20230402052402496,approve,,0.4721259911445723,0.6517812717827982,True,True,0.17942708333333332,5,20
09,20261008_141042_d17cf62d-0738-4095-869b-0207e8fcc25a,20261008_141042,,False,chrome,0.8969428539276123,0.9948882460594177,1.0,0.7113263607025146,0.05799796059727669,0.9483621120452881,0.9972238540649414,1.0,0.7162495851516724,0.05224984139204025,approve,,0.4140689258779069,0.755195419289046,True,True,0.16833333333333333,5,24
10,20261008_141404_9eebcf09-0a27-4a13-b77d-775e62cdba61,20261008_141404,,False,chrome,0.9146177768707275,0.9920599460601807,1.0,0.3263779282569885,0.2706955671310425,0.9523446559906006,0.9476027488708496,1.0,0.336202472448349,0.16767096519470215,approve,,0.36326899376957467,0.6789955211265477,True,True,0.17749348958333333,5,16
11,20261008_141439_19d7b064-71b8-4329-a0de-d8ae5565f5b8,20261008_141439,,False,chrome,0.9123687148094177,0.9970129728317261,1.0,0.19336655735969543,0.004726832266896963,0.9230473041534424,0.982587993144989,1.0,0.08250453323125839,0.004528859164565802,approve,,0.45761172482790596,0.7592775566906084,True,True,0.1747265625,5,16
12,20261008_143335_1565eadf-77b9-43c2-af58-f093381d0062,20261008_143335,,False,chrome,0.9246297478675842,0.9893637895584106,1.0,0.19145962595939636,0.4860113561153412,0.9358460903167725,0.9746521711349487,1.0,0.04824262857437134,0.520638644695282,approve,,0.4793831243029055,0.668109821389048,True,True,0.2428125,5,16
13,20261008_143404_4dec8920-7319-49fc-84d6-22acb0aaf0b1,20261008_143404,,False,chrome,0.9243430495262146,0.9125074744224548,1.0,0.24072369933128357,0.03940858691930771,0.9531933665275574,0.780146062374115,1.0,0.3202086091041565,0.028312724083662033,approve,,0.439468891932073,0.6953240707327973,True,True,0.173984375,5,14
14,20261008_173126_13f1a318-ca06-44b2-877e-ba98aa4991fd,20261008_173126,,True,chrome,0.000215677369851619,0.9940773248672485,1.0,0.017475301399827003,0.014129391871392727,0.00016764808970037848,0.9933652281761169,1.0,0.018269477412104607,0.014757732860744,reject,has_object,0.584452972574568,0.5268713857208842,False,True,0.144375,5,22
15,20261008_180532_0514544c-74fc-41c0-92e0-c40d8bd058db,20261008_180532,,True,chrome,0.01565791852772236,0.0018363388953730464,1.0,0.03470097482204437,0.012150603346526623,0.01052811648696661,0.0014691546093672514,1.0,0.040924884378910065,0.028974298387765884,reject,bin_present,0.5887932201180337,0.4024390185167555,False,True,0.212158203125,5,26
16,20261008_181116_cc2a5a42-41f3-44e5-9bf5-ff0d1b5f4e02,20261008_181116,,True,chrome,0.6153593063354492,0.22907577455043793,0.5,0.3099779486656189,0.6484385132789612,0.8084020614624023,0.3908385932445526,0.5,0.710146427154541,0.7711811661720276,manual_review,,0.5680840882100514,0.49853677748544223,False,False,0.0,0,20
17,20261008_182844_2994ffc3-bc79-4712-a878-277f7980792c,20261008_182844,,False,chrome,0.8795512318611145,0.033406782895326614,0.5,0.002165598329156637,0.020734161138534546,0.9041091799736023,0.20051181316375732,1.0,0.00453173229470849,0.03666564077138901,reject,bin_present,0.5671785009115882,0.4793665886476897,False,True,0.06552734375,5,20
18,20261008_182925_b6e3ad8c-e5e9-4a22-84c7-9acfc1cbfb53,20261008_182925,,False,chrome,0.9987506866455078,0.09915661811828613,1.0,0.7125346660614014,0.048478491604328156,0.9992932081222534,0.11479908972978592,1.0,0.7617476582527161,0.05956750735640526,reject,bin_present,0.5499040292486084,0.6823416306877025,False,True,0.18051432291666666,5,24
19,20261008_182939_ffa264c2-7ce3-4955-9cb6-3d21d933931b,20261008_182939,,True,chrome,0.9487611055374146,0.03327731415629387,1.0,0.4695596992969513,0.09294538199901581,0.9729828834533691,0.0650840699672699,1.0,0.6113937497138977,0.1426382064819336,reject,bin_present,0.46795476150413395,0.5711592508380828,True,True,0.3217903645833333,5,22
20,20261008_182957_f3c90761-9b00-4f76-8c3c-42316485c8cb,20261008_182957,,False,chrome,0.9891687631607056,0.9998470544815063,0.2,0.8956762552261353,0.7490118741989136,0.9867215156555176,0.9998175501823425,0.2,0.9135662913322449,0.7808328866958618,reject,hand_empty,0.6017274442375478,0.7082533381821722,False,True,0.11231770833333334,1,24
21,20261008_183042_85a6c1d6-2744-45fa-a9ee-abfb4348098d,20261008_183042,,False,chrome,0.9843916893005371,0.999909520149231,1.0,0.9984225034713745,0.6044135093688965,0.9900885224342346,0.9997912049293518,1.0,0.9985822439193726,0.8551225066184998,approve,,0.5364683290662907,0.7183301133189104,False,True,0.115810546875,5,24
22,20261009_183209_1ca3c2da-cf6a-4460-83cf-97318e2d5bb1,20261009_183209,,False,chrome,0.9838129281997681,0.4477144777774811,1.0,0.9446113705635071,0.8461952805519104,0.9884189963340759,0.626059889793396,1.0,0.9753713607788086,0.909299910068512,manual_review,,0.5848256313125866,0.5103675483973958,False,True,0.09893880208333333,5,22
