index,folder,f1_item_in_hand,f2_bin_visible,f2_open_palm_empty,valid_disposal,fake_type,notes
01,20261008_114801_86376a4a-e6b0-4f3c-a5c4-0f009bd2db73,,,,,,
02,20261008_114829_0b32c695-63f2-4a0b-b4e0-bfd8b9444de5,,,,,,
03,20261008_122712_ca8d17c0-63d8-4a22-8f5c-9ddc09ad9d00,,,,,,
04,20261008_123151_4bf318d7-2c59-4721-96d6-649a56656333,,,,,,
05,20261008_123545_d6b70e71-27e7-40de-9ca4-3213e1537cb5,,,,,,
06,20261008_123635_f3347929-e6b3-4f46-afd0-4116eee1b538,,,,,,
07,20261008_132235_1399dbea-eeab-4bce-97cb-8541fe28032c,,,,,,
08,20261008_140713_3200f3e0-9c4c-4279-b776-c2d1f5662ade,,,,,,
09,20261008_141042_d17cf62d-0738-4095-869b-0207e8fcc25a,,,,,,
10,20261008_141404_9eebcf09-0a27-4a13-b77d-775e62cdba61,,,,,,
11,20261008_141439_19d7b064-71b8-4329-a0de-d8ae5565f5b8,,,,,,
12,20261008_143335_1565eadf-77b9-43c2-af58-f093381d0062,,,,,,
13,20261008_143404_4dec8920-7319-49fc-84d6-22acb0aaf0b1,,,,,,
14,20261008_173126_13f1a318-ca06-44b2-877e-ba98aa4991fd,,,,,,
15,20261008_180532_0514544c-74fc-41c0-92e0-c40d8bd058db,,,,,,
16,20261008_181116_cc2a5a42-41f3-44e5-9bf5-ff0d1b5f4e02,,,,,,
17,20261008_182844_2994ffc3-bc79-4712-a878-277f7980792c,,,,,,
18,20261008_182925_b6e3ad8c-e5e9-4a22-84c7-9acfc1cbfb53,,,,,,
19,20261008_182939_ffa264c2-7ce3-4955-9cb6-3d21d933931b,,,,,,
20,20261008_182957_f3c90761-9b00-4f76-8c3c-42316485c8cb,,,,,,
21,20261008_183042_85a6c1d6-2744-45fa-a9ee-abfb4348098d,,,,,,
22,20261009_183209_1ca3c2da-cf6a-4460-83cf-97318e2d5bb1,,,,,,
